{"cameraMode":{"drawMode":0,"name":"Shaded","section":"Shading Mode"},"sceneLighting":true,"audioPlay":false,"sceneViewState":{"m_AlwaysRefresh":false,"showFog":true,"showSkybox":true,"showFlares":true,"showImageEffects":true,"showParticleSystems":true,"showVisualEffectGraphs":true,"m_FxEnabled":true},"in2DMode":false,"pivot":{"x":467.15216064453127,"y":2.2657439708709719,"z":501.93084716796877},"rotation":{"x":0.02174239233136177,"y":-0.9738719463348389,"z":0.10742286592721939,"w":0.19946381449699403},"size":20.885047912597658,"orthographic":false}